Emissor,RatingGrupo,TradingDesk,pl_emissor,PL
ENERGISA SA,Baa3,PDA,446958.744619421,1172652382.054455
COPEL  DISTRIBUICAO S/A,Baa3,348,10681.477504371687,9225719.601444999
CIA SANEAMENTO BASICO EST. SP - SABESP,Baa1,CPI,188685.41824264693,54355074.65991
COMPANHIA ENERGETICA DE PERNAMBUCO-CELPE,Baa4,CPI,662606.0968666299,54355074.65991
CEMIG DISTRIBUICAO S/A,Baa4,KCP,500979.02883281227,3424900701.5180855
QUALICORP CONSULTORIA E CORRETORA DE SEGUROS S.A.,Ba4,KAT,-2.469460014253855e-11,3004467197.6176753
CIA SANEAMENTO BASICO EST. SP - SABESP,Baa1,134,11868587.565842688,7003331463.740895
AUTOPISTA REGIS BITTENCOURT S/A,Baa4,PAL,32859.08831709647,18720368.46087
ENERGISA SA,Baa3,APP,3219287.6982833752,8430325498.580385
TRANSMISSORA ALIANCA DE ENERGIA ELETRICA S/A,Baa3,CPI,219141.71686720775,54355074.65991
AES BRASIL OPERACOES S.A.,Baa4,APP,623402.5932990042,8430325498.580385
ELEKTRO REDES S.A.,Baa3,348,149.24829487360037,9225719.601444999
AES BRASIL OPERACOES S.A.,Baa4,KOP,1323691.2969628172,733760002.8074601
ENERGISA SA,Baa3,RFA,1171813.2191473325,6165720738.95119
TRANSMISSORA ALIANCA DE ENERGIA ELETRICA S/A,Baa3,APP,427669.1101006265,8430325498.580385
COPEL  DISTRIBUICAO S/A,Baa3,RFA,606272.2514607571,6165720738.95119
INSPIRALI EDUCACAO S/A,Baa4,PEM,3685.318602566488,4500317.361375
TRANSMISSORA ALIANCA DE ENERGIA ELETRICA S/A,Baa3,652,69109.36524737482,2496049914.0221553
ENGIE BRASIL ENERGIA SA,Baa1,KCP,59752.11806492625,3424900701.5180855
AES BRASIL OPERACOES S.A.,Baa4,RFA,81736.75515197017,6165720738.95119
ENERGISA MATO GROSSO - DISTRIBUIDORA DE ENERGIA S.A.,Baa4,ID2,69119.8219023113,3488179932.21023
ENERGISA SA,Baa3,BVP,12647903.76295249,1191376868.3027952
ELEKTRO REDES S.A.,Baa3,RFA,87432.95382690677,6165720738.95119
CTEEP - COMPANHIA DE TRANSMISSAO DE ENERGIA ELETRICA PAULISTA,Baa3,IRF,5740327.30542062,168954523.486945
COMPANHIA ENERGETICA DE PERNAMBUCO-CELPE,Baa4,846,14232170.642849667,3130395619.174485
ENERGISA SA,Baa3,PEM,109355.9300851046,4500317.361375
VLI MULTIMODAL S.A.,Baa4,RFA,202764.66104257776,6165720738.95119
COPEL  DISTRIBUICAO S/A,Baa3,KAT,772846.4844753917,3004467197.6176753
UNIAO QUIMICA FARMACEUTICA NACIONAL S.A.,Baa4,RFA,681238.4845265826,6165720738.95119
CONCESSIONARIA DO SISTEMA ANHANGUERA-BANDEIRANTES S/A,Baa4,APO,362871.9370040241,2279627646.384785
COPEL  DISTRIBUICAO S/A,Baa3,134,49949244.51690238,7003331463.740895
MRS LOGISTICA S/A,Baa3,RFA,21174.37258479533,6165720738.95119
ELEKTRO REDES S.A.,Baa3,APP,80605.6251440893,8430325498.580385
CIA SANEAMENTO BASICO EST. SP - SABESP,Baa1,652,58558.4021743082,2496049914.0221553
ENERGISA SA,Baa3,FRA,1318836.7617252525,78590201.440485
BORRACHAS VIPAL S.A.,Baa4,APO,39095.12447702062,2279627646.384785
COPEL GERACAO E TRANSMISSAO S.A.,Baa3,348,2044.9191371121433,9225719.601444999
ELETROMIDIA S.A.,Baa4,678,57913058.89532398,6318358039.8425455
SBF COMERCIO DE PRODUTOS ESPORTIVOS S.A.,Ba4,KAT,313609.93848095206,3004467197.6176753
ELETROMIDIA S.A.,Baa4,PDA,330292.454277364,1172652382.054455
ELETROMIDIA S.A.,Baa4,APP,2498751.859288509,8430325498.580385
COPEL  DISTRIBUICAO S/A,Baa3,678,45838412.60888824,6318358039.8425455
UNIAO QUIMICA FARMACEUTICA NACIONAL S.A.,Baa4,APO,270292.77515396336,2279627646.384785
AUTOPISTA REGIS BITTENCOURT S/A,Baa4,348,3633.6393229738724,9225719.601444999
COPEL  DISTRIBUICAO S/A,Baa3,CPI,547881.3072945864,54355074.65991
CIA SANEAMENTO BASICO EST. SP - SABESP,Baa1,348,2371.8082274931,9225719.601444999
ELETROMIDIA S.A.,Baa4,ID2,74099.11118293958,3488179932.21023
AES BRASIL OPERACOES S.A.,Baa4,KAT,72539.9271821529,3004467197.6176753
CALDEIRAO GRANDE ENERGIAS RENOVAVEIS S/A,Baa4,KOP,33454.85098458082,733760002.8074601
COMPANHIA ENERGETICA DE PERNAMBUCO-CELPE,Baa4,PDA,159126.66186824156,1172652382.054455
CIA SANEAMENTO BASICO EST. SP - SABESP,Baa1,KAT,181750.74821262262,3004467197.6176753
CIA SANEAMENTO BASICO EST. SP - SABESP,Baa1,678,10815767.816770025,6318358039.8425455
ENERGISA SA,Baa3,APO,464314.7562191783,2279627646.384785
ENERGISA PARAIBA - DISTRIBUIDORA DE ENERGIA S/A,Baa4,PDA,5663.749552952429,1172652382.054455
COMPANHIA ESTADUAL DE DISTRIBUICAO DE ENERGIA ELETRICA - CEEE D,Baa4,IRF,3506076.170368217,168954523.486945
ENERGISA MATO GROSSO - DISTRIBUIDORA DE ENERGIA S.A.,Baa4,APO,45335.14406776645,2279627646.384785
ELETROMIDIA S.A.,Baa4,PEM,112471.03895883514,4500317.361375
QUALICORP CONSULTORIA E CORRETORA DE SEGUROS S.A.,Ba4,RFA,-1.0475943272467703e-06,6165720738.95119
CTEEP - COMPANHIA DE TRANSMISSAO DE ENERGIA ELETRICA PAULISTA,Baa3,678,1750161.0350688957,6318358039.8425455
ENERGISA MATO GROSSO - DISTRIBUIDORA DE ENERGIA S.A.,Baa4,KAT,188309.8524596973,3004467197.6176753
AUTOPISTA REGIS BITTENCOURT S/A,Baa4,APP,480332.81183203915,8430325498.580385
INSPIRALI EDUCACAO S/A,Baa4,348,4047.3171581505194,9225719.601444999
ELETROMIDIA S.A.,Baa4,RFA,563003.8179758484,6165720738.95119
ELEKTRO REDES S.A.,Baa3,PAL,2975.293241670879,18720368.46087
CIA SANEAMENTO BASICO EST. SP - SABESP,Baa1,846,3909372.341231758,3130395619.174485
COMPANHIA ENERGETICA DE PERNAMBUCO-CELPE,Baa4,KAT,640029.3620191296,3004467197.6176753
CIA SANEAMENTO BASICO EST. SP - SABESP,Baa1,PDA,45853.17526109921,1172652382.054455
BORRACHAS VIPAL S.A.,Baa4,CPI,39122.964508456185,54355074.65991
QUALICORP CONSULTORIA E CORRETORA DE SEGUROS S.A.,Ba4,CPI,1.5434125089086593e-12,54355074.65991
CONCESSIONARIA DO SISTEMA ANHANGUERA-BANDEIRANTES S/A,Baa4,846,30352495.72751792,3130395619.174485
COPEL GERACAO E TRANSMISSAO S.A.,Baa3,678,9116781.72389431,6318358039.8425455
ELETROMIDIA S.A.,Baa4,134,64026841.77893571,7003331463.740895
JSL S.A,Ba5,PAL,21364.255772959943,18720368.46087
ENERGISA SA,Baa3,KAT,1925247.706694205,3004467197.6176753
AES BRASIL OPERACOES S.A.,Baa4,APO,28787.504785577254,2279627646.384785
ENGIE BRASIL ENERGIA SA,Baa1,ID2,10188.493601564012,3488179932.21023
ETB - EMPRESA DE TRANSMISSAO BAIANA S.A.,Baa3,IRF,964048.482233487,168954523.486945
JSL S.A,Ba5,KAT,100528.5311621065,3004467197.6176753
ECORODOVIAS CONCESSOES E SERVICOS S/A,Baa4,PAL,119564.26467967023,18720368.46087
ELETROMIDIA S.A.,Baa4,348,14114.380841584432,9225719.601444999
ENERGISA MATO GROSSO - DISTRIBUIDORA DE ENERGIA S.A.,Baa4,APP,315023.83578637784,8430325498.580385
AUTOPISTA REGIS BITTENCOURT S/A,Baa4,678,15874877.216273608,6318358039.8425455
AES BRASIL OPERACOES S.A.,Baa4,ID2,44811.011220037886,3488179932.21023
AES BRASIL OPERACOES S.A.,Baa4,678,9545980.644128233,6318358039.8425455
EQUATORIAL ENERGIA S.A.,Baa4,APP,281597.9816863003,8430325498.580385
ENERGISA PARAIBA - DISTRIBUIDORA DE ENERGIA S/A,Baa4,846,482137.5658978628,3130395619.174485
COPEL GERACAO E TRANSMISSAO S.A.,Baa3,PID,123254.57489990474,3937179801.4903502
CALDEIRAO GRANDE ENERGIAS RENOVAVEIS S/A,Baa4,348,0.8819427453463474,9225719.601444999
JSL S.A,Ba5,678,7043210.652553212,6318358039.8425455
CEMIG DISTRIBUICAO S/A,Baa4,PDA,20299.483278177704,1172652382.054455
COMPANHIA ENERGETICA DE PERNAMBUCO-CELPE,Baa4,ID2,251491.81596152045,3488179932.21023
ENERGISA SA,Baa3,CPI,2004372.1517254123,54355074.65991
VLI MULTIMODAL S.A.,Baa4,IRF,6503139.943586451,168954523.486945
JSL S.A,Ba5,KOP,819829.8506113859,733760002.8074601
CIA SANEAMENTO BASICO EST. SP - SABESP,Baa1,FRA,124977.4310198974,78590201.440485
TRANSMISSORA ALIANCA DE ENERGIA ELETRICA S/A,Baa3,678,12454306.169663047,6318358039.8425455
ELETROMIDIA S.A.,Baa4,FRA,1621313.2846835158,78590201.440485
CTEEP - COMPANHIA DE TRANSMISSAO DE ENERGIA ELETRICA PAULISTA,Baa3,KCP,681585.18694163,3424900701.5180855
ENERGISA SA,Baa3,652,627478.95884743,2496049914.0221553
AES BRASIL OPERACOES S.A.,Baa4,PAL,30953.24231859442,18720368.46087
MRS LOGISTICA S/A,Baa3,KCP,453059.8510364263,3424900701.5180855
TRANSMISSORA ALIANCA DE ENERGIA ELETRICA S/A,Baa3,KAT,211762.48143883396,3004467197.6176753
COPEL GERACAO E TRANSMISSAO S.A.,Baa3,KAT,154434.10174383796,3004467197.6176753
MRS LOGISTICA S/A,Baa3,678,1163358.173020239,6318358039.8425455
AES BRASIL OPERACOES S.A.,Baa4,PDA,84014.68314454457,1172652382.054455
ENERGISA MATO GROSSO - DISTRIBUIDORA DE ENERGIA S.A.,Baa4,348,2454.8199627514928,9225719.601444999
TRANSMISSORA ALIANCA DE ENERGIA ELETRICA S/A,Baa3,PEM,10543.464221743596,4500317.361375
INSPIRALI EDUCACAO S/A,Baa4,CPI,137440.42204740227,54355074.65991
ENERGISA PARAIBA - DISTRIBUIDORA DE ENERGIA S/A,Baa4,APP,40796.76719417504,8430325498.580385
EQUATORIAL ENERGIA S.A.,Baa4,PAL,19263.83691102461,18720368.46087
ENERGISA SA,Baa3,PAL,220100.76336361642,18720368.46087
ENGIE BRASIL ENERGIA SA,Baa1,RFA,16243.80327738679,6165720738.95119
ENERGISA SA,Baa3,KCP,51653639.62307842,3424900701.5180855
INSPIRALI EDUCACAO S/A,Baa4,ID2,22740.490990295733,3488179932.21023
ENERGISA PARAIBA - DISTRIBUIDORA DE ENERGIA S/A,Baa4,ID2,8951.275942699152,3488179932.21023
ENERGISA SA,Baa3,678,114098546.21038282,6318358039.8425455
JSL S.A,Ba5,ID2,13057.027851121002,3488179932.21023
ENERGISA MATO GROSSO - DISTRIBUIDORA DE ENERGIA S.A.,Baa4,PAL,21550.466233222334,18720368.46087
ELETROMIDIA S.A.,Baa4,652,76134.24175674994,2496049914.0221553
ECORODOVIAS CONCESSOES E SERVICOS S/A,Baa4,FRA,674854.3438828865,78590201.440485
ENERGISA PARAIBA - DISTRIBUIDORA DE ENERGIA S/A,Baa4,PID,19023.454854043757,3937179801.4903502
ENGIE BRASIL ENERGIA SA,Baa1,678,190256.4243971462,6318358039.8425455
CEMIG DISTRIBUICAO S/A,Baa4,APO,52906.685275607444,2279627646.384785
CALDEIRAO GRANDE ENERGIAS RENOVAVEIS S/A,Baa4,846,1453.6767957146972,3130395619.174485
ENERGISA SA,Baa3,PID,1501266.533998211,3937179801.4903502
BORRACHAS VIPAL S.A.,Baa4,KAT,396780.0973013345,3004467197.6176753
AES BRASIL OPERACOES S.A.,Baa4,348,2833.3507690154966,9225719.601444999
EQUATORIAL ENERGIA S.A.,Baa4,678,9476778.742591852,6318358039.8425455
CONCESSIONARIA DO SISTEMA ANHANGUERA-BANDEIRANTES S/A,Baa4,APP,2521516.4050954985,8430325498.580385
CONCESSIONARIA DO SISTEMA ANHANGUERA-BANDEIRANTES S/A,Baa4,PEM,81300.25555365387,4500317.361375
MRS LOGISTICA S/A,Baa3,APO,8401.286859279042,2279627646.384785
COPEL  DISTRIBUICAO S/A,Baa3,ID2,333623.2258128573,3488179932.21023
UNIAO QUIMICA FARMACEUTICA NACIONAL S.A.,Baa4,134,67595693.79352576,7003331463.740895
TRANSMISSORA ALIANCA DE ENERGIA ELETRICA S/A,Baa3,PAL,29256.41703653668,18720368.46087
EMPRESA AMAZONENSE DE TRANSMISSAO DE ENERGIA S.A.,Baa3,KCP,2759102.623707947,3424900701.5180855
CEMIG DISTRIBUICAO S/A,Baa4,PEM,85.19926347978092,4500317.361375
ECORODOVIAS CONCESSOES E SERVICOS S/A,Baa4,652,316840.48080563266,2496049914.0221553
ENERGISA SA,Baa3,ID2,708061.9776735125,3488179932.21023
MRS LOGISTICA S/A,Baa3,IRF,3314460.7507596626,168954523.486945
ENERGISA PARAIBA - DISTRIBUIDORA DE ENERGIA S/A,Baa4,APO,5871.071036990523,2279627646.384785
CONCESSIONARIA DO SISTEMA ANHANGUERA-BANDEIRANTES S/A,Baa4,652,431738.5011003581,2496049914.0221553
INSPIRALI EDUCACAO S/A,Baa4,APP,766849.2001590654,8430325498.580385
COPEL  DISTRIBUICAO S/A,Baa3,PID,690992.3457939322,3937179801.4903502
AUTOPISTA REGIS BITTENCOURT S/A,Baa4,KAT,269355.92405823705,3004467197.6176753
CIA SANEAMENTO BASICO EST. SP - SABESP,Baa1,RFA,119797.41485150057,6165720738.95119
COPEL  DISTRIBUICAO S/A,Baa3,APO,218321.8409807121,2279627646.384785
AES BRASIL OPERACOES S.A.,Baa4,PID,300935.32095011475,3937179801.4903502
ECORODOVIAS CONCESSOES E SERVICOS S/A,Baa4,ID2,383484.07830728183,3488179932.21023
QUALICORP CONSULTORIA E CORRETORA DE SEGUROS S.A.,Ba4,ID2,2.6203440211247656e-07,3488179932.21023
BORRACHAS VIPAL S.A.,Baa4,PAL,45215.946763562824,18720368.46087
CEMIG DISTRIBUICAO S/A,Baa4,IRF,7248401.163838981,168954523.486945
TRANSMISSORA ALIANCA DE ENERGIA ELETRICA S/A,Baa3,FRA,145321.6735526925,78590201.440485
ECORODOVIAS CONCESSOES E SERVICOS S/A,Baa4,134,63734912.230170146,7003331463.740895
CONCESSIONARIA DO SISTEMA ANHANGUERA-BANDEIRANTES S/A,Baa4,CPI,1384998.9484443641,54355074.65991
ENERGISA MATO GROSSO - DISTRIBUIDORA DE ENERGIA S.A.,Baa4,652,60465.79807926081,2496049914.0221553
SBF COMERCIO DE PRODUTOS ESPORTIVOS S.A.,Ba4,KOP,1144698.1972807692,733760002.8074601
AES BRASIL OPERACOES S.A.,Baa4,KCP,8676545.046004381,3424900701.5180855
ENGIE BRASIL ENERGIA SA,Baa1,PEM,10.161775718967121,4500317.361375
ECORODOVIAS CONCESSOES E SERVICOS S/A,Baa4,846,21783672.454338655,3130395619.174485
MRS LOGISTICA S/A,Baa3,348,208.15824615035692,9225719.601444999
SBF COMERCIO DE PRODUTOS ESPORTIVOS S.A.,Ba4,APO,77252.10897954847,2279627646.384785
ELETROMIDIA S.A.,Baa4,APO,49829.715882604,2279627646.384785
VLI MULTIMODAL S.A.,Baa4,KOP,332232.0778104014,733760002.8074601
ENERGISA MATO GROSSO - DISTRIBUIDORA DE ENERGIA S.A.,Baa4,BVP,1197979.5797349194,1191376868.3027952
AUTOPISTA REGIS BITTENCOURT S/A,Baa4,FRA,184188.14616553742,78590201.440485
MRS LOGISTICA S/A,Baa3,PID,27221.864677912345,3937179801.4903502
JSL S.A,Ba5,846,2959377.1246306715,3130395619.174485
CIA SANEAMENTO BASICO EST. SP - SABESP,Baa1,APP,330286.72944509296,8430325498.580385
ECORODOVIAS CONCESSOES E SERVICOS S/A,Baa4,KCP,26336940.427178737,3424900701.5180855
ELEKTRO REDES S.A.,Baa3,678,831094.2027508036,6318358039.8425455
ENERGISA SA,Baa3,846,40845145.48790781,3130395619.174485
COPEL GERACAO E TRANSMISSAO S.A.,Baa3,KCP,4153274.628610035,3424900701.5180855
ENERGISA MATO GROSSO - DISTRIBUIDORA DE ENERGIA S.A.,Baa4,PDA,43734.252290441254,1172652382.054455
JSL S.A,Ba5,RFA,6529.465174614681,6165720738.95119
SBF COMERCIO DE PRODUTOS ESPORTIVOS S.A.,Ba4,348,3417.206522217396,9225719.601444999
MRS LOGISTICA S/A,Baa3,PAL,3993.6268539452253,18720368.46087
CONCESSIONARIA DO SISTEMA ANHANGUERA-BANDEIRANTES S/A,Baa4,FRA,918961.4682055926,78590201.440485
COPEL  DISTRIBUICAO S/A,Baa3,846,17604676.62933142,3130395619.174485
COPEL  DISTRIBUICAO S/A,Baa3,IRF,5181104.463014501,168954523.486945
JSL S.A,Ba5,FRA,136567.25706994339,78590201.440485
COPEL  DISTRIBUICAO S/A,Baa3,PDA,205698.97502889184,1172652382.054455
COPEL  DISTRIBUICAO S/A,Baa3,BVP,21440494.869237885,1191376868.3027952
EQUATORIAL ENERGIA S.A.,Baa4,PID,131308.60261800358,3937179801.4903502
ENERGISA SA,Baa3,134,126513421.0783898,7003331463.740895
ECORODOVIAS CONCESSOES E SERVICOS S/A,Baa4,RFA,633934.6115056787,6165720738.95119
ENERGISA MATO GROSSO - DISTRIBUIDORA DE ENERGIA S.A.,Baa4,PID,146895.01473257702,3937179801.4903502
JSL S.A,Ba5,PID,149740.07483962493,3937179801.4903502
COPEL  DISTRIBUICAO S/A,Baa3,KCP,20872302.200406678,3424900701.5180855
CTEEP - COMPANHIA DE TRANSMISSAO DE ENERGIA ELETRICA PAULISTA,Baa3,846,516161.57577905676,3130395619.174485
AES BRASIL OPERACOES S.A.,Baa4,FRA,310193.99323952716,78590201.440485
SBF COMERCIO DE PRODUTOS ESPORTIVOS S.A.,Ba4,678,11654574.926516928,6318358039.8425455
COPEL  DISTRIBUICAO S/A,Baa3,PEM,46951.283237929274,4500317.361375
CTEEP - COMPANHIA DE TRANSMISSAO DE ENERGIA ELETRICA PAULISTA,Baa3,APO,12638.932055958316,2279627646.384785
ENERGISA MATO GROSSO - DISTRIBUIDORA DE ENERGIA S.A.,Baa4,134,12342934.315721765,7003331463.740895
UNIAO QUIMICA FARMACEUTICA NACIONAL S.A.,Baa4,FRA,716064.5468398083,78590201.440485
CEMIG DISTRIBUICAO S/A,Baa4,134,1657099.0294422542,7003331463.740895
QUALICORP CONSULTORIA E CORRETORA DE SEGUROS S.A.,Ba4,APP,-3.1432274845428765e-06,8430325498.580385
MRS LOGISTICA S/A,Baa3,APP,58378.67434579358,8430325498.580385
CIA SANEAMENTO BASICO EST. SP - SABESP,Baa1,PAL,22594.58555705817,18720368.46087
COPEL  DISTRIBUICAO S/A,Baa3,FRA,531169.7177787237,78590201.440485
ENERGISA PARAIBA - DISTRIBUIDORA DE ENERGIA S/A,Baa4,PAL,2790.8661312818676,18720368.46087
VLI MULTIMODAL S.A.,Baa4,KCP,85753.76536262778,3424900701.5180855
JSL S.A,Ba5,BVP,3248038.708046011,1191376868.3027952
VLI MULTIMODAL S.A.,Baa4,348,672.8549026637173,9225719.601444999
ELEKTRO REDES S.A.,Baa3,846,233736.63183933875,3130395619.174485
EQUATORIAL ENERGIA S.A.,Baa4,RFA,102137.64958131078,6165720738.95119
TRANSMISSORA ALIANCA DE ENERGIA ELETRICA S/A,Baa3,846,4922495.00391997,3130395619.174485
QUALICORP CONSULTORIA E CORRETORA DE SEGUROS S.A.,Ba4,PAL,-1.3749058180110297e-06,18720368.46087
AUTOPISTA REGIS BITTENCOURT S/A,Baa4,APO,69124.79232094409,2279627646.384785
JSL S.A,Ba5,652,30894.199144528255,2496049914.0221553
COPEL  DISTRIBUICAO S/A,Baa3,PAL,100631.34381746971,18720368.46087
CTEEP - COMPANHIA DE TRANSMISSAO DE ENERGIA ELETRICA PAULISTA,Baa3,PAL,6008.029401842809,18720368.46087
CIA SANEAMENTO BASICO EST. SP - SABESP,Baa1,PID,154012.07298076412,3937179801.4903502
COMPANHIA ENERGETICA DE PERNAMBUCO-CELPE,Baa4,RFA,415739.2070934216,6165720738.95119
INSPIRALI EDUCACAO S/A,Baa4,678,16976673.099837784,6318358039.8425455
ECORODOVIAS CONCESSOES E SERVICOS S/A,Baa4,PID,814989.0694491809,3937179801.4903502
COPEL GERACAO E TRANSMISSAO S.A.,Baa3,BVP,4269384.615069473,1191376868.3027952
AES BRASIL OPERACOES S.A.,Baa4,846,4660559.948532758,3130395619.174485
CONCESSIONARIA DO SISTEMA ANHANGUERA-BANDEIRANTES S/A,Baa4,678,78862843.69710396,6318358039.8425455
BORRACHAS VIPAL S.A.,Baa4,RFA,88244.02513534458,6165720738.95119
ENERGISA MATO GROSSO - DISTRIBUIDORA DE ENERGIA S.A.,Baa4,CPI,195146.60667287465,54355074.65991
ELEKTRO REDES S.A.,Baa3,PDA,12041.39614566698,1172652382.054455
CIA SANEAMENTO BASICO EST. SP - SABESP,Baa1,ID2,72468.67481933355,3488179932.21023
EQUATORIAL ENERGIA S.A.,Baa4,APO,40524.82262833521,2279627646.384785
CONCESSIONARIA DO SISTEMA ANHANGUERA-BANDEIRANTES S/A,Baa4,RFA,914572.4605514649,6165720738.95119
COPEL GERACAO E TRANSMISSAO S.A.,Baa3,FRA,106846.84946230649,78590201.440485
CTEEP - COMPANHIA DE TRANSMISSAO DE ENERGIA ELETRICA PAULISTA,Baa3,ID2,19269.83471007376,3488179932.21023
UNIAO QUIMICA FARMACEUTICA NACIONAL S.A.,Baa4,ID2,412099.4620022972,3488179932.21023
TRANSMISSORA ALIANCA DE ENERGIA ELETRICA S/A,Baa3,348,2986.4676849553807,9225719.601444999
ENERGISA MATO GROSSO - DISTRIBUIDORA DE ENERGIA S.A.,Baa4,PEM,10976.761664765267,4500317.361375
ECORODOVIAS CONCESSOES E SERVICOS S/A,Baa4,678,57976117.34100259,6318358039.8425455
SBF COMERCIO DE PRODUTOS ESPORTIVOS S.A.,Ba4,PDA,97834.94067591282,1172652382.054455
AUTOPISTA REGIS BITTENCOURT S/A,Baa4,PEM,18198.94246910981,4500317.361375
ECORODOVIAS CONCESSOES E SERVICOS S/A,Baa4,APP,1747785.5409133504,8430325498.580385
TRANSMISSORA ALIANCA DE ENERGIA ELETRICA S/A,Baa3,RFA,155118.71726718935,6165720738.95119
ENERGISA MATO GROSSO - DISTRIBUIDORA DE ENERGIA S.A.,Baa4,846,4046197.820216786,3130395619.174485
EMPRESA AMAZONENSE DE TRANSMISSAO DE ENERGIA S.A.,Baa3,652,1960461.16686896,2496049914.0221553
TRANSMISSORA ALIANCA DE ENERGIA ELETRICA S/A,Baa3,APO,61545.94832910771,2279627646.384785
ENERGISA MATO GROSSO - DISTRIBUIDORA DE ENERGIA S.A.,Baa4,678,11132405.041951125,6318358039.8425455
EQUATORIAL ENERGIA S.A.,Baa4,KAT,160394.33857611156,3004467197.6176753
SBF COMERCIO DE PRODUTOS ESPORTIVOS S.A.,Ba4,652,153747.49073160585,2496049914.0221553
ELETROMIDIA S.A.,Baa4,PID,1157849.327155222,3937179801.4903502
COPEL GERACAO E TRANSMISSAO S.A.,Baa3,652,49382.99765064427,2496049914.0221553
UNIAO QUIMICA FARMACEUTICA NACIONAL S.A.,Baa4,846,23057138.086931445,3130395619.174485
AUTOPISTA REGIS BITTENCOURT S/A,Baa4,KCP,7222166.933025903,3424900701.5180855
ENGIE BRASIL ENERGIA SA,Baa1,APP,16608.59440929433,8430325498.580385
INSPIRALI EDUCACAO S/A,Baa4,RFA,5376.671588047684,6165720738.95119
AES BRASIL OPERACOES S.A.,Baa4,IRF,303785.1865633484,168954523.486945
CONCESSIONARIA DO SISTEMA ANHANGUERA-BANDEIRANTES S/A,Baa4,PID,1175778.2980146096,3937179801.4903502
ENERGISA SA,Baa3,IRF,5896713.257130304,168954523.486945
BORRACHAS VIPAL S.A.,Baa4,APP,1014545.8285335827,8430325498.580385
ENERGISA SA,Baa3,348,24782.15310858054,9225719.601444999
ELETROMIDIA S.A.,Baa4,KOP,7743646.044604015,733760002.8074601
MRS LOGISTICA S/A,Baa3,ID2,12808.946864612873,3488179932.21023
CONCESSIONARIA DO SISTEMA ANHANGUERA-BANDEIRANTES S/A,Baa4,348,18414.79721201899,9225719.601444999
EMPRESA AMAZONENSE DE TRANSMISSAO DE ENERGIA S.A.,Baa3,846,46152235.743175074,3130395619.174485
CTEEP - COMPANHIA DE TRANSMISSAO DE ENERGIA ELETRICA PAULISTA,Baa3,PID,40952.69020847951,3937179801.4903502
CTEEP - COMPANHIA DE TRANSMISSAO DE ENERGIA ELETRICA PAULISTA,Baa3,APP,87825.12857044832,8430325498.580385
QUALICORP CONSULTORIA E CORRETORA DE SEGUROS S.A.,Ba4,PID,1.975568011403084e-10,3937179801.4903502
TRANSMISSORA ALIANCA DE ENERGIA ELETRICA S/A,Baa3,ID2,93835.47962167239,3488179932.21023
BORRACHAS VIPAL S.A.,Baa4,652,76450.88579987275,2496049914.0221553
CEMIG DISTRIBUICAO S/A,Baa4,PID,68737.06886685584,3937179801.4903502
TRANSMISSORA ALIANCA DE ENERGIA ELETRICA S/A,Baa3,PID,199421.2916368022,3937179801.4903502
ECORODOVIAS CONCESSOES E SERVICOS S/A,Baa4,348,13216.10962931858,9225719.601444999
QUALICORP CONSULTORIA E CORRETORA DE SEGUROS S.A.,Ba4,134,3.798622172325849e-06,7003331463.740895
COMPANHIA ENERGETICA DE PERNAMBUCO-CELPE,Baa4,APP,1146211.2365545505,8430325498.580385
ENGIE BRASIL ENERGIA SA,Baa1,348,31.29251539527413,9225719.601444999
BORRACHAS VIPAL S.A.,Baa4,FRA,122321.41727979486,78590201.440485
EMPRESA AMAZONENSE DE TRANSMISSAO DE ENERGIA S.A.,Baa3,RFA,6884827.95316751,6165720738.95119
CIA SANEAMENTO BASICO EST. SP - SABESP,Baa1,KCP,4930021.209540164,3424900701.5180855
ENERGISA MATO GROSSO - DISTRIBUIDORA DE ENERGIA S.A.,Baa4,FRA,118239.26183154162,78590201.440485
AUTOPISTA REGIS BITTENCOURT S/A,Baa4,PID,223978.27546755323,3937179801.4903502
JSL S.A,Ba5,PEM,1711.1427687843366,4500317.361375
UNIAO QUIMICA FARMACEUTICA NACIONAL S.A.,Baa4,PDA,260748.09430840352,1172652382.054455
TRANSMISSORA ALIANCA DE ENERGIA ELETRICA S/A,Baa3,PDA,59372.6144921076,1172652382.054455
ECORODOVIAS CONCESSOES E SERVICOS S/A,Baa4,KAT,981847.9879188081,3004467197.6176753
CEMIG DISTRIBUICAO S/A,Baa4,678,1595164.85456188,6318358039.8425455
COPEL GERACAO E TRANSMISSAO S.A.,Baa3,RFA,95872.86993711237,6165720738.95119
COPEL GERACAO E TRANSMISSAO S.A.,Baa3,APO,38039.16640922858,2279627646.384785
UNIAO QUIMICA FARMACEUTICA NACIONAL S.A.,Baa4,APP,1878204.3945215498,8430325498.580385
INSPIRALI EDUCACAO S/A,Baa4,KAT,115476.76842482986,3004467197.6176753
ENERGISA PARAIBA - DISTRIBUIDORA DE ENERGIA S/A,Baa4,RFA,14797.286140959726,6165720738.95119
EQUATORIAL ENERGIA S.A.,Baa4,CPI,165510.73512779357,54355074.65991
CENTRAIS ELETRICAS BRAS.S/A - ELETROBRAS,Baa3,IRF,953973.6665938525,168954523.486945
CTEEP - COMPANHIA DE TRANSMISSAO DE ENERGIA ELETRICA PAULISTA,Baa3,RFA,31854.817114260422,6165720738.95119
CTEEP - COMPANHIA DE TRANSMISSAO DE ENERGIA ELETRICA PAULISTA,Baa3,PDA,12192.621300392806,1172652382.054455
EQUATORIAL ENERGIA S.A.,Baa4,PDA,39093.79474351521,1172652382.054455
CIA SANEAMENTO BASICO EST. SP - SABESP,Baa1,PEM,10006.310614231239,4500317.361375
INSPIRALI EDUCACAO S/A,Baa4,PID,355335.7357727039,3937179801.4903502
TRANSMISSORA ALIANCA DE ENERGIA ELETRICA S/A,Baa3,KCP,5713142.042879866,3424900701.5180855
EQUATORIAL ENERGIA S.A.,Baa4,BVP,4441622.683921186,1191376868.3027952
BORRACHAS VIPAL S.A.,Baa4,ID2,50946.07826585783,3488179932.21023
ECORODOVIAS CONCESSOES E SERVICOS S/A,Baa4,PDA,242642.2546887025,1172652382.054455
SBF COMERCIO DE PRODUTOS ESPORTIVOS S.A.,Ba4,134,12357049.099557934,7003331463.740895
CEMIG DISTRIBUICAO S/A,Baa4,RFA,136192.7418430174,6165720738.95119
VLI MULTIMODAL S.A.,Baa4,846,1089048.3603154526,3130395619.174485
COMPANHIA ENERGETICA DE PERNAMBUCO-CELPE,Baa4,678,37795025.05211977,6318358039.8425455
ELETROMIDIA S.A.,Baa4,846,23264262.902110957,3130395619.174485
MRS LOGISTICA S/A,Baa3,134,1160296.9357828062,7003331463.740895
INSPIRALI EDUCACAO S/A,Baa4,FRA,474833.577627472,78590201.440485
INSPIRALI EDUCACAO S/A,Baa4,PAL,53585.60694278734,18720368.46087
VLI MULTIMODAL S.A.,Baa4,652,74752.21750734013,2496049914.0221553
ENERGISA PARAIBA - DISTRIBUIDORA DE ENERGIA S/A,Baa4,PEM,947.6537089719609,4500317.361375
COPEL GERACAO E TRANSMISSAO S.A.,Baa3,ID2,57996.074824158146,3488179932.21023
TRANSMISSORA ALIANCA DE ENERGIA ELETRICA S/A,Baa3,134,13425667.480558671,7003331463.740895
EQUATORIAL ENERGIA S.A.,Baa4,FRA,110108.54594143873,78590201.440485
COMPANHIA ENERGETICA DE PERNAMBUCO-CELPE,Baa4,652,206574.9940861742,2496049914.0221553
MRS LOGISTICA S/A,Baa3,PDA,8104.617435843141,1172652382.054455
ENGIE BRASIL ENERGIA SA,Baa1,IRF,4945517.535674308,168954523.486945
UNIAO QUIMICA FARMACEUTICA NACIONAL S.A.,Baa4,BVP,28848111.30724326,1191376868.3027952
ENERGISA PARAIBA - DISTRIBUIDORA DE ENERGIA S/A,Baa4,678,1333505.0791401705,6318358039.8425455
AES BRASIL OPERACOES S.A.,Baa4,134,10617322.703210253,7003331463.740895
EMPRESA AMAZONENSE DE TRANSMISSAO DE ENERGIA S.A.,Baa3,ID2,3661154.6913515395,3488179932.21023
SBF COMERCIO DE PRODUTOS ESPORTIVOS S.A.,Ba4,APP,782256.0090911101,8430325498.580385
AES BRASIL OPERACOES S.A.,Baa4,652,33673.201426491345,2496049914.0221553
SBF COMERCIO DE PRODUTOS ESPORTIVOS S.A.,Ba4,BVP,5218679.031992222,1191376868.3027952
MRS LOGISTICA S/A,Baa3,846,343100.30663675256,3130395619.174485
ELETROMIDIA S.A.,Baa4,KAT,393648.63635592296,3004467197.6176753
EMPRESA AMAZONENSE DE TRANSMISSAO DE ENERGIA S.A.,Baa3,PAL,63634.35534968152,18720368.46087
EQUATORIAL ENERGIA S.A.,Baa4,652,52019.78548414398,2496049914.0221553
INSPIRALI EDUCACAO S/A,Baa4,KCP,16029826.451992258,3424900701.5180855
ENGIE BRASIL ENERGIA SA,Baa1,PDA,2421.1335237622898,1172652382.054455
AUTOPISTA REGIS BITTENCOURT S/A,Baa4,652,86706.9546016035,2496049914.0221553
SBF COMERCIO DE PRODUTOS ESPORTIVOS S.A.,Ba4,FRA,83862.26767178661,78590201.440485
SBF COMERCIO DE PRODUTOS ESPORTIVOS S.A.,Ba4,PAL,34459.76540787495,18720368.46087
QUALICORP CONSULTORIA E CORRETORA DE SEGUROS S.A.,Ba4,APO,1.244002829480451e-06,2279627646.384785
COMPANHIA ENERGETICA DE PERNAMBUCO-CELPE,Baa4,PEM,35609.90147544075,4500317.361375
COPEL  DISTRIBUICAO S/A,Baa3,652,249499.93736486393,2496049914.0221553
UNIAO QUIMICA FARMACEUTICA NACIONAL S.A.,Baa4,KCP,28069614.441659696,3424900701.5180855
EQUATORIAL ENERGIA S.A.,Baa4,134,10438952.944920864,7003331463.740895
QUALICORP CONSULTORIA E CORRETORA DE SEGUROS S.A.,Ba4,KOP,-9.877840057015417e-11,733760002.8074601
CONCESSIONARIA DO SISTEMA ANHANGUERA-BANDEIRANTES S/A,Baa4,KAT,1337695.797586065,3004467197.6176753
CEMIG DISTRIBUICAO S/A,Baa4,APP,139251.25613526884,8430325498.580385
INSPIRALI EDUCACAO S/A,Baa4,KOP,2275991.2933182693,733760002.8074601
JSL S.A,Ba5,PDA,42592.702888682354,1172652382.054455
CONCESSIONARIA DO SISTEMA ANHANGUERA-BANDEIRANTES S/A,Baa4,BVP,37022009.94174681,1191376868.3027952
ENERGISA PARAIBA - DISTRIBUIDORA DE ENERGIA S/A,Baa4,CPI,23641.76334065607,54355074.65991
UNIAO QUIMICA FARMACEUTICA NACIONAL S.A.,Baa4,PAL,128486.08830562893,18720368.46087
VLI MULTIMODAL S.A.,Baa4,ID2,117111.80742816649,3488179932.21023
COPEL  DISTRIBUICAO S/A,Baa3,APP,1480564.11547428,8430325498.580385
UNIAO QUIMICA FARMACEUTICA NACIONAL S.A.,Baa4,652,336246.15345290664,2496049914.0221553
ENGIE BRASIL ENERGIA SA,Baa1,PID,8198.318129628158,3937179801.4903502
BORRACHAS VIPAL S.A.,Baa4,PEM,6766.67840476229,4500317.361375
INSPIRALI EDUCACAO S/A,Baa4,PDA,101364.4085704818,1172652382.054455
EQUATORIAL ENERGIA S.A.,Baa4,348,2153.2311218217465,9225719.601444999
ENERGISA PARAIBA - DISTRIBUIDORA DE ENERGIA S/A,Baa4,652,6953.859035032571,2496049914.0221553
QUALICORP CONSULTORIA E CORRETORA DE SEGUROS S.A.,Ba4,348,-7.201906175851036e-07,9225719.601444999
EQUATORIAL ENERGIA S.A.,Baa4,846,3549099.002127944,3130395619.174485
BORRACHAS VIPAL S.A.,Baa4,PID,460181.6517388441,3937179801.4903502
COPEL GERACAO E TRANSMISSAO S.A.,Baa3,PEM,8679.435423278614,4500317.361375
EMPRESA AMAZONENSE DE TRANSMISSAO DE ENERGIA S.A.,Baa3,KOP,30468652.363526274,733760002.8074601
BORRACHAS VIPAL S.A.,Baa4,134,17168511.537022866,7003331463.740895
ELEKTRO REDES S.A.,Baa3,KCP,289976.1920703577,3424900701.5180855
AES BRASIL OPERACOES S.A.,Baa4,CPI,80389.98336051911,54355074.65991
ENERGISA PARAIBA - DISTRIBUIDORA DE ENERGIA S/A,Baa4,KCP,608673.8812104478,3424900701.5180855
CIA SANEAMENTO BASICO EST. SP - SABESP,Baa1,APO,47531.63018819514,2279627646.384785
SBF COMERCIO DE PRODUTOS ESPORTIVOS S.A.,Ba4,PEM,2620.1790281539525,4500317.361375
JSL S.A,Ba5,134,7572157.151174424,7003331463.740895
COMPANHIA ENERGETICA DE PERNAMBUCO-CELPE,Baa4,FRA,439633.96177314,78590201.440485
COMPANHIA ENERGETICA DE PERNAMBUCO-CELPE,Baa4,134,41514523.89796907,7003331463.740895
COPEL GERACAO E TRANSMISSAO S.A.,Baa3,846,3370571.969415668,3130395619.174485
JSL S.A,Ba5,348,1795.7224431432219,9225719.601444999
INSPIRALI EDUCACAO S/A,Baa4,652,22405.940142131167,2496049914.0221553
VLI MULTIMODAL S.A.,Baa4,APO,71953.37801907989,2279627646.384785
AUTOPISTA REGIS BITTENCOURT S/A,Baa4,ID2,105390.49632479546,3488179932.21023
INSPIRALI EDUCACAO S/A,Baa4,APO,15292.385927272057,2279627646.384785
JSL S.A,Ba5,APO,14655.011778496457,2279627646.384785
SBF COMERCIO DE PRODUTOS ESPORTIVOS S.A.,Ba4,ID2,53259.76864869303,3488179932.21023
ENERGISA MATO GROSSO - DISTRIBUIDORA DE ENERGIA S.A.,Baa4,RFA,114261.45157941052,6165720738.95119
ELEKTRO REDES S.A.,Baa3,IRF,2482005.3416189696,168954523.486945
COMPANHIA ENERGETICA DE PERNAMBUCO-CELPE,Baa4,PAL,78411.16684979758,18720368.46087
COPEL GERACAO E TRANSMISSAO S.A.,Baa3,PDA,36695.91295822599,1172652382.054455
ECORODOVIAS CONCESSOES E SERVICOS S/A,Baa4,CPI,1020508.1673372313,54355074.65991
CEMIG DISTRIBUICAO S/A,Baa4,PAL,5443.470308299027,18720368.46087
BORRACHAS VIPAL S.A.,Baa4,KOP,1532791.9158052844,733760002.8074601
ECORODOVIAS CONCESSOES E SERVICOS S/A,Baa4,APO,251524.1714934787,2279627646.384785
AUTOPISTA REGIS BITTENCOURT S/A,Baa4,134,17442786.69353269,7003331463.740895
ELETROMIDIA S.A.,Baa4,KCP,54154725.35233176,3424900701.5180855
ELEKTRO REDES S.A.,Baa3,PEM,33.720912396152244,4500317.361375
ENERGISA PARAIBA - DISTRIBUIDORA DE ENERGIA S/A,Baa4,348,292.51188421913747,9225719.601444999
ENERGISA MATO GROSSO - DISTRIBUIDORA DE ENERGIA S.A.,Baa4,KCP,5039149.161063951,3424900701.5180855
CIA SANEAMENTO BASICO EST. SP - SABESP,Baa1,BVP,5044722.742070124,1191376868.3027952
JSL S.A,Ba5,APP,349248.7882281898,8430325498.580385
ENERGISA PARAIBA - DISTRIBUIDORA DE ENERGIA S/A,Baa4,FRA,13907.718070065139,78590201.440485
ELETROMIDIA S.A.,Baa4,CPI,2667293.9470006824,54355074.65991
SBF COMERCIO DE PRODUTOS ESPORTIVOS S.A.,Ba4,846,5589147.768840047,3130395619.174485
ENGIE BRASIL ENERGIA SA,Baa1,134,198016.48417024157,7003331463.740895
VLI MULTIMODAL S.A.,Baa4,PAL,1661.1603890520068,18720368.46087
UNIAO QUIMICA FARMACEUTICA NACIONAL S.A.,Baa4,KAT,1042445.2874774707,3004467197.6176753
SBF COMERCIO DE PRODUTOS ESPORTIVOS S.A.,Ba4,PID,335533.1136787023,3937179801.4903502
ENGIE BRASIL ENERGIA SA,Baa1,APO,6310.217240473767,2279627646.384785
COPEL GERACAO E TRANSMISSAO S.A.,Baa3,PAL,18082.257994297386,18720368.46087
JSL S.A,Ba5,CPI,37237.59209717243,54355074.65991
ENGIE BRASIL ENERGIA SA,Baa1,846,50648.45894329874,3130395619.174485
COMPANHIA ENERGETICA DE PERNAMBUCO-CELPE,Baa4,KCP,17176949.37621912,3424900701.5180855
CTEEP - COMPANHIA DE TRANSMISSAO DE ENERGIA ELETRICA PAULISTA,Baa3,134,1745555.6966131215,7003331463.740895
BORRACHAS VIPAL S.A.,Baa4,348,4644.426781971133,9225719.601444999
JSL S.A,Ba5,KCP,3874383.2459673127,3424900701.5180855
CONCESSIONARIA DO SISTEMA ANHANGUERA-BANDEIRANTES S/A,Baa4,PAL,172494.42096621418,18720368.46087
AUTOPISTA REGIS BITTENCOURT S/A,Baa4,RFA,229725.4861305483,6165720738.95119
EQUATORIAL ENERGIA S.A.,Baa4,KCP,4318210.943104608,3424900701.5180855
INSPIRALI EDUCACAO S/A,Baa4,134,18768216.62104545,7003331463.740895
CONCESSIONARIA DO SISTEMA ANHANGUERA-BANDEIRANTES S/A,Baa4,PDA,350058.06573224167,1172652382.054455
CEMIG DISTRIBUICAO S/A,Baa4,846,424651.31938136485,3130395619.174485
QUALICORP CONSULTORIA E CORRETORA DE SEGUROS S.A.,Ba4,PEM,-1.8332163747345476e-06,4500317.361375
CEMIG DISTRIBUICAO S/A,Baa4,ID2,85423.27527214451,3488179932.21023
AES BRASIL OPERACOES S.A.,Baa4,BVP,2351247.441172407,1191376868.3027952
ELEKTRO REDES S.A.,Baa3,ID2,53740.467483262895,3488179932.21023
AUTOPISTA REGIS BITTENCOURT S/A,Baa4,PDA,66683.83147453208,1172652382.054455
EQUATORIAL ENERGIA S.A.,Baa4,ID2,61785.80834564491,3488179932.21023
AUTOPISTA REGIS BITTENCOURT S/A,Baa4,CPI,271408.1596701094,54355074.65991
ENERGISA PARAIBA - DISTRIBUIDORA DE ENERGIA S/A,Baa4,KAT,23469.27424323492,3004467197.6176753
COMPANHIA ENERGETICA DE PERNAMBUCO-CELPE,Baa4,APO,164951.49140565636,2279627646.384785
CONCESSIONARIA DO SISTEMA ANHANGUERA-BANDEIRANTES S/A,Baa4,KCP,35963545.556469455,3424900701.5180855
ECORODOVIAS CONCESSOES E SERVICOS S/A,Baa4,PEM,55397.22989416809,4500317.361375
QUALICORP CONSULTORIA E CORRETORA DE SEGUROS S.A.,Ba4,652,-9.877840057015417e-11,2496049914.0221553
CONCESSIONARIA DO SISTEMA ANHANGUERA-BANDEIRANTES S/A,Baa4,134,85963130.22514752,7003331463.740895
AES BRASIL OPERACOES S.A.,Baa4,PEM,2153.758824106666,4500317.361375
UNIAO QUIMICA FARMACEUTICA NACIONAL S.A.,Baa4,CPI,1112919.0100210155,54355074.65991
UNIAO QUIMICA FARMACEUTICA NACIONAL S.A.,Baa4,PEM,61110.95465830692,4500317.361375
COMPANHIA ENERGETICA DE PERNAMBUCO-CELPE,Baa4,348,8634.628882066072,9225719.601444999
ELEKTRO REDES S.A.,Baa3,APO,32725.49295027826,2279627646.384785
QUALICORP CONSULTORIA E CORRETORA DE SEGUROS S.A.,Ba4,PDA,-5.895341892028227e-07,1172652382.054455
INSPIRALI EDUCACAO S/A,Baa4,846,6671057.804901346,3130395619.174485
QUALICORP CONSULTORIA E CORRETORA DE SEGUROS S.A.,Ba4,846,7.218725513666869e-07,3130395619.174485
EQUATORIAL ENERGIA S.A.,Baa4,PEM,9715.483620817973,4500317.361375
ENGIE BRASIL ENERGIA SA,Baa1,PAL,649.2464993507101,18720368.46087
CTEEP - COMPANHIA DE TRANSMISSAO DE ENERGIA ELETRICA PAULISTA,Baa3,348,313.15417233808625,9225719.601444999
UNIAO QUIMICA FARMACEUTICA NACIONAL S.A.,Baa4,PID,875803.1325322472,3937179801.4903502
COMPANHIA ENERGETICA DE PERNAMBUCO-CELPE,Baa4,PID,534476.1168945363,3937179801.4903502
CTEEP - COMPANHIA DE TRANSMISSAO DE ENERGIA ELETRICA PAULISTA,Baa3,PEM,8.769421246208292,4500317.361375
QUALICORP CONSULTORIA E CORRETORA DE SEGUROS S.A.,Ba4,678,-5.116721149533988e-06,6318358039.8425455
COPEL GERACAO E TRANSMISSAO S.A.,Baa3,CPI,161394.39691601717,54355074.65991
ELEKTRO REDES S.A.,Baa3,134,872755.0057690141,7003331463.740895
COPEL GERACAO E TRANSMISSAO S.A.,Baa3,APP,264325.709309295,8430325498.580385
CEMIG DISTRIBUICAO S/A,Baa4,348,262.36550904913577,9225719.601444999
QUALICORP CONSULTORIA E CORRETORA DE SEGUROS S.A.,Ba4,FRA,0.0,78590201.440485
BORRACHAS VIPAL S.A.,Baa4,PDA,140608.38200910995,1172652382.054455
UNIAO QUIMICA FARMACEUTICA NACIONAL S.A.,Baa4,678,61587772.861322515,6318358039.8425455
UNIAO QUIMICA FARMACEUTICA NACIONAL S.A.,Baa4,348,13988.718616563132,9225719.601444999
ELETROMIDIA S.A.,Baa4,PAL,174606.86527627497,18720368.46087
BORRACHAS VIPAL S.A.,Baa4,678,16036763.470259199,6318358039.8425455
CONCESSIONARIA DO SISTEMA ANHANGUERA-BANDEIRANTES S/A,Baa4,ID2,553249.4530418732,3488179932.21023
EMPRESA AMAZONENSE DE TRANSMISSAO DE ENERGIA S.A.,Baa3,348,28000.467236954806,9225719.601444999
COPEL GERACAO E TRANSMISSAO S.A.,Baa3,134,10075868.415988037,7003331463.740895
ENERGISA PARAIBA - DISTRIBUIDORA DE ENERGIA S/A,Baa4,134,1462929.2287253046,7003331463.740895
BORRACHAS VIPAL S.A.,Baa4,846,7655253.709639479,3130395619.174485
EMPRESA AMAZONENSE DE TRANSMISSAO DE ENERGIA S.A.,Baa3,APO,2456185.678041372,2279627646.384785
SBF COMERCIO DE PRODUTOS ESPORTIVOS S.A.,Ba4,RFA,120859.40040512395,6165720738.95119
SBF COMERCIO DE PRODUTOS ESPORTIVOS S.A.,Ba4,CPI,13103.479323716658,54355074.65991
ENERGISA PARAIBA - DISTRIBUIDORA DE ENERGIA S/A,Baa4,BVP,622370.3836354149,1191376868.3027952
ELEKTRO REDES S.A.,Baa3,PID,40055.353632797545,3937179801.4903502
AUTOPISTA REGIS BITTENCOURT S/A,Baa4,846,5989206.436970304,3130395619.174485
